algorithm;number of elements;time spent
bubble_sort;10;0.000004
bubble_sort;10;0.000003
bubble_sort;10;0.000003
bubble_sort;10;0.000004
bubble_sort;10;0.000003
bubble_sort;10;0.000003
bubble_sort;10;0.000003
bubble_sort;10;0.000002
bubble_sort;10;0.000003
bubble_sort;10;0.000003
bubble_sort;10;0.000002
bubble_sort;10;0.000003
bubble_sort;10;0.000003
bubble_sort;10;0.000003
bubble_sort;10;0.000003
bubble_sort;10;0.000002
bubble_sort;10;0.000003
bubble_sort;10;0.000003
bubble_sort;10;0.000002
bubble_sort;10;0.000004
bubble_sort;100;0.000082
bubble_sort;100;0.000113
bubble_sort;100;0.000091
bubble_sort;100;0.000281
bubble_sort;100;0.000094
bubble_sort;100;0.000082
bubble_sort;100;0.000093
bubble_sort;100;0.000090
bubble_sort;100;0.000085
bubble_sort;100;0.000086
bubble_sort;100;0.000094
bubble_sort;100;0.000100
bubble_sort;100;0.000117
bubble_sort;100;0.000075
bubble_sort;100;0.000089
bubble_sort;100;0.000090
bubble_sort;100;0.000090
bubble_sort;100;0.000090
bubble_sort;100;0.000090
bubble_sort;100;0.000093
bubble_sort;1000;0.008465
bubble_sort;1000;0.009132
bubble_sort;1000;0.006726
bubble_sort;1000;0.010101
bubble_sort;1000;0.004645
bubble_sort;1000;0.004157
bubble_sort;1000;0.006028
bubble_sort;1000;0.003780
bubble_sort;1000;0.003421
bubble_sort;1000;0.003404
bubble_sort;1000;0.003513
bubble_sort;1000;0.003456
bubble_sort;1000;0.003302
bubble_sort;1000;0.002767
bubble_sort;1000;0.004361
bubble_sort;1000;0.003363
bubble_sort;1000;0.003476
bubble_sort;1000;0.003335
bubble_sort;1000;0.003457
bubble_sort;1000;0.003508
bubble_sort;10000;0.349339
bubble_sort;10000;0.364065
bubble_sort;10000;0.345290
bubble_sort;10000;0.387804
bubble_sort;10000;0.421360
bubble_sort;10000;0.356268
bubble_sort;10000;0.374434
bubble_sort;10000;0.333954
bubble_sort;10000;0.358758
bubble_sort;10000;0.343472
bubble_sort;10000;0.353112
bubble_sort;10000;0.339379
bubble_sort;10000;0.345828
bubble_sort;10000;0.361339
bubble_sort;10000;0.355098
bubble_sort;10000;0.373969
bubble_sort;10000;0.354771
bubble_sort;10000;0.410373
bubble_sort;10000;0.396124
bubble_sort;10000;0.376926
selection_sort;10;0.000001
selection_sort;10;0.000001
selection_sort;10;0.000001
selection_sort;10;0.000001
selection_sort;10;0.000001
selection_sort;10;0.000001
selection_sort;10;0.000002
selection_sort;10;0.000001
selection_sort;10;0.000001
selection_sort;10;0.000001
selection_sort;10;0.000001
selection_sort;10;0.000001
selection_sort;10;0.000001
selection_sort;10;0.000001
selection_sort;10;0.000001
selection_sort;10;0.000001
selection_sort;10;0.000001
selection_sort;10;0.000001
selection_sort;10;0.000001
selection_sort;10;0.000001
selection_sort;100;0.000016
selection_sort;100;0.000016
selection_sort;100;0.000016
selection_sort;100;0.000016
selection_sort;100;0.000016
selection_sort;100;0.000016
selection_sort;100;0.000016
selection_sort;100;0.000016
selection_sort;100;0.000016
selection_sort;100;0.000016
selection_sort;100;0.000016
selection_sort;100;0.000016
selection_sort;100;0.000015
selection_sort;100;0.000016
selection_sort;100;0.000036
selection_sort;100;0.000016
selection_sort;100;0.000016
selection_sort;100;0.000015
selection_sort;100;0.000016
selection_sort;100;0.000016
selection_sort;1000;0.001422
selection_sort;1000;0.001187
selection_sort;1000;0.001431
selection_sort;1000;0.001190
selection_sort;1000;0.001672
selection_sort;1000;0.001427
selection_sort;1000;0.001208
selection_sort;1000;0.001537
selection_sort;1000;0.001536
selection_sort;1000;0.001212
selection_sort;1000;0.001214
selection_sort;1000;0.001200
selection_sort;1000;0.002661
selection_sort;1000;0.001214
selection_sort;1000;0.001724
selection_sort;1000;0.001235
selection_sort;1000;0.001264
selection_sort;1000;0.001213
selection_sort;1000;0.001286
selection_sort;1000;0.001297
selection_sort;10000;0.123391
selection_sort;10000;0.131435
selection_sort;10000;0.130196
selection_sort;10000;0.131897
selection_sort;10000;0.131163
selection_sort;10000;0.136359
selection_sort;10000;0.133918
selection_sort;10000;0.154138
selection_sort;10000;0.138283
selection_sort;10000;0.135950
selection_sort;10000;0.154124
selection_sort;10000;0.128050
selection_sort;10000;0.123313
selection_sort;10000;0.127756
selection_sort;10000;0.136465
selection_sort;10000;0.132824
selection_sort;10000;0.126187
selection_sort;10000;0.126354
selection_sort;10000;0.141073
selection_sort;10000;0.130241
insertion_sort;10;0.000001
insertion_sort;10;0.000001
insertion_sort;10;0.000001
insertion_sort;10;0.000001
insertion_sort;10;0.000001
insertion_sort;10;0.000001
insertion_sort;10;0.000002
insertion_sort;10;0.000001
insertion_sort;10;0.000001
insertion_sort;10;0.000001
insertion_sort;10;0.000001
insertion_sort;10;0.000001
insertion_sort;10;0.000001
insertion_sort;10;0.000001
insertion_sort;10;0.000001
insertion_sort;10;0.000001
insertion_sort;10;0.000001
insertion_sort;10;0.000001
insertion_sort;10;0.000001
insertion_sort;10;0.000001
insertion_sort;100;0.000009
insertion_sort;100;0.000008
insertion_sort;100;0.000010
insertion_sort;100;0.000010
insertion_sort;100;0.000009
insertion_sort;100;0.000009
insertion_sort;100;0.000008
insertion_sort;100;0.000010
insertion_sort;100;0.000009
insertion_sort;100;0.000009
insertion_sort;100;0.000009
insertion_sort;100;0.000010
insertion_sort;100;0.000009
insertion_sort;100;0.000009
insertion_sort;100;0.000009
insertion_sort;100;0.000009
insertion_sort;100;0.000008
insertion_sort;100;0.000009
insertion_sort;100;0.000010
insertion_sort;100;0.000009
insertion_sort;1000;0.001064
insertion_sort;1000;0.000617
insertion_sort;1000;0.000632
insertion_sort;1000;0.000619
insertion_sort;1000;0.000723
insertion_sort;1000;0.000701
insertion_sort;1000;0.000635
insertion_sort;1000;0.000601
insertion_sort;1000;0.000618
insertion_sort;1000;0.001019
insertion_sort;1000;0.000653
insertion_sort;1000;0.000633
insertion_sort;1000;0.000988
insertion_sort;1000;0.000693
insertion_sort;1000;0.000721
insertion_sort;1000;0.000635
insertion_sort;1000;0.000709
insertion_sort;1000;0.000817
insertion_sort;1000;0.000789
insertion_sort;1000;0.000626
insertion_sort;10000;0.062591
insertion_sort;10000;0.065508
insertion_sort;10000;0.062669
insertion_sort;10000;0.063663
insertion_sort;10000;0.077251
insertion_sort;10000;0.073110
insertion_sort;10000;0.065525
insertion_sort;10000;0.072244
insertion_sort;10000;0.081306
insertion_sort;10000;0.069597
insertion_sort;10000;0.071026
insertion_sort;10000;0.074428
insertion_sort;10000;0.062083
insertion_sort;10000;0.068589
insertion_sort;10000;0.071545
insertion_sort;10000;0.068123
insertion_sort;10000;0.073171
insertion_sort;10000;0.071235
insertion_sort;10000;0.065987
insertion_sort;10000;0.062298
quick_sort;10;0.000001
quick_sort;10;0.000001
quick_sort;10;0.000001
quick_sort;10;0.000001
quick_sort;10;0.000001
quick_sort;10;0.000001
quick_sort;10;0.000001
quick_sort;10;0.000001
quick_sort;10;0.000001
quick_sort;10;0.000001
quick_sort;10;0.000001
quick_sort;10;0.000001
quick_sort;10;0.000001
quick_sort;10;0.000001
quick_sort;10;0.000001
quick_sort;10;0.000001
quick_sort;10;0.000001
quick_sort;10;0.000001
quick_sort;10;0.000001
quick_sort;10;0.000001
quick_sort;100;0.000005
quick_sort;100;0.000005
quick_sort;100;0.000005
quick_sort;100;0.000005
quick_sort;100;0.000005
quick_sort;100;0.000005
quick_sort;100;0.000005
quick_sort;100;0.000005
quick_sort;100;0.000005
quick_sort;100;0.000005
quick_sort;100;0.000005
quick_sort;100;0.000005
quick_sort;100;0.000005
quick_sort;100;0.000005
quick_sort;100;0.000005
quick_sort;100;0.000005
quick_sort;100;0.000005
quick_sort;100;0.000005
quick_sort;100;0.000005
quick_sort;100;0.000005
quick_sort;1000;0.000312
quick_sort;1000;0.000067
quick_sort;1000;0.000064
quick_sort;1000;0.000064
quick_sort;1000;0.000066
quick_sort;1000;0.000065
quick_sort;1000;0.000063
quick_sort;1000;0.000064
quick_sort;1000;0.000161
quick_sort;1000;0.000065
quick_sort;1000;0.000063
quick_sort;1000;0.000064
quick_sort;1000;0.000065
quick_sort;1000;0.000064
quick_sort;1000;0.000064
quick_sort;1000;0.000063
quick_sort;1000;0.000064
quick_sort;1000;0.000063
quick_sort;1000;0.000063
quick_sort;1000;0.000063
quick_sort;10000;0.000828
quick_sort;10000;0.001053
quick_sort;10000;0.000867
quick_sort;10000;0.000839
quick_sort;10000;0.000962
quick_sort;10000;0.001038
quick_sort;10000;0.000889
quick_sort;10000;0.001122
quick_sort;10000;0.000879
quick_sort;10000;0.000844
quick_sort;10000;0.001039
quick_sort;10000;0.000860
quick_sort;10000;0.000830
quick_sort;10000;0.000839
quick_sort;10000;0.000825
quick_sort;10000;0.000838
quick_sort;10000;0.000847
quick_sort;10000;0.000941
quick_sort;10000;0.000882
quick_sort;10000;0.001114
merge_sort;10;0.000001
merge_sort;10;0.000001
merge_sort;10;0.000001
merge_sort;10;0.000001
merge_sort;10;0.000001
merge_sort;10;0.000001
merge_sort;10;0.000001
merge_sort;10;0.000001
merge_sort;10;0.000001
merge_sort;10;0.000001
merge_sort;10;0.000001
merge_sort;10;0.000001
merge_sort;10;0.000001
merge_sort;10;0.000001
merge_sort;10;0.000001
merge_sort;10;0.000001
merge_sort;10;0.000001
merge_sort;10;0.000001
merge_sort;10;0.000001
merge_sort;10;0.000001
merge_sort;100;0.000007
merge_sort;100;0.000006
merge_sort;100;0.000006
merge_sort;100;0.000006
merge_sort;100;0.000006
merge_sort;100;0.000080
merge_sort;100;0.000018
merge_sort;100;0.000007
merge_sort;100;0.000006
merge_sort;100;0.000006
merge_sort;100;0.000006
merge_sort;100;0.000006
merge_sort;100;0.000006
merge_sort;100;0.000006
merge_sort;100;0.000006
merge_sort;100;0.000006
merge_sort;100;0.000006
merge_sort;100;0.000006
merge_sort;100;0.000006
merge_sort;100;0.000006
merge_sort;1000;0.000084
merge_sort;1000;0.000080
merge_sort;1000;0.000079
merge_sort;1000;0.000080
merge_sort;1000;0.000080
merge_sort;1000;0.000079
merge_sort;1000;0.000081
merge_sort;1000;0.000079
merge_sort;1000;0.000079
merge_sort;1000;0.000079
merge_sort;1000;0.000081
merge_sort;1000;0.000078
merge_sort;1000;0.000079
merge_sort;1000;0.000079
merge_sort;1000;0.000080
merge_sort;1000;0.000079
merge_sort;1000;0.000090
merge_sort;1000;0.000080
merge_sort;1000;0.000081
merge_sort;1000;0.000079
merge_sort;10000;0.001178
merge_sort;10000;0.001121
merge_sort;10000;0.001085
merge_sort;10000;0.001132
merge_sort;10000;0.001078
merge_sort;10000;0.001095
merge_sort;10000;0.001102
merge_sort;10000;0.001069
merge_sort;10000;0.001116
merge_sort;10000;0.001069
merge_sort;10000;0.001161
merge_sort;10000;0.001072
merge_sort;10000;0.001082
merge_sort;10000;0.001093
merge_sort;10000;0.001152
merge_sort;10000;0.001089
merge_sort;10000;0.001096
merge_sort;10000;0.001204
merge_sort;10000;0.001100
merge_sort;10000;0.001070
heap_sort;10;0.000001
heap_sort;10;0.000001
heap_sort;10;0.000001
heap_sort;10;0.000001
heap_sort;10;0.000001
heap_sort;10;0.000001
heap_sort;10;0.000001
heap_sort;10;0.000001
heap_sort;10;0.000001
heap_sort;10;0.000001
heap_sort;10;0.000001
heap_sort;10;0.000001
heap_sort;10;0.000001
heap_sort;10;0.000001
heap_sort;10;0.000001
heap_sort;10;0.000001
heap_sort;10;0.000001
heap_sort;10;0.000001
heap_sort;10;0.000001
heap_sort;10;0.000001
heap_sort;100;0.000008
heap_sort;100;0.000008
heap_sort;100;0.000008
heap_sort;100;0.000008
heap_sort;100;0.000008
heap_sort;100;0.000008
heap_sort;100;0.000008
heap_sort;100;0.000008
heap_sort;100;0.000008
heap_sort;100;0.000008
heap_sort;100;0.000008
heap_sort;100;0.000008
heap_sort;100;0.000008
heap_sort;100;0.000008
heap_sort;100;0.000008
heap_sort;100;0.000008
heap_sort;100;0.000008
heap_sort;100;0.000008
heap_sort;100;0.000008
heap_sort;100;0.000008
heap_sort;1000;0.000120
heap_sort;1000;0.000119
heap_sort;1000;0.000120
heap_sort;1000;0.000119
heap_sort;1000;0.000119
heap_sort;1000;0.000120
heap_sort;1000;0.000120
heap_sort;1000;0.000121
heap_sort;1000;0.000120
heap_sort;1000;0.000132
heap_sort;1000;0.000121
heap_sort;1000;0.000122
heap_sort;1000;0.000121
heap_sort;1000;0.000123
heap_sort;1000;0.000121
heap_sort;1000;0.000121
heap_sort;1000;0.000122
heap_sort;1000;0.000118
heap_sort;1000;0.000119
heap_sort;1000;0.000121
heap_sort;10000;0.002204
heap_sort;10000;0.001644
heap_sort;10000;0.002212
heap_sort;10000;0.001777
heap_sort;10000;0.001688
heap_sort;10000;0.001647
heap_sort;10000;0.001809
heap_sort;10000;0.001652
heap_sort;10000;0.001679
heap_sort;10000;0.001660
heap_sort;10000;0.002240
heap_sort;10000;0.001671
heap_sort;10000;0.001717
heap_sort;10000;0.001804
heap_sort;10000;0.001866
heap_sort;10000;0.001828
heap_sort;10000;0.001668
heap_sort;10000;0.001660
heap_sort;10000;0.002886
heap_sort;10000;0.001723